{"1.0": {"left": 6.793465209301}, "62.0": {"left": 0.38104711810454983, "right": 61.89528818954497}, "65.0": {"left": 1}, "44.0": {"left": 40.0945936587505, "right": 19.8369410460954}, "47.0": {"left": 7.215894492678983, "right": 31.05509141309219}, "64.0": {"left": 3.90099501, "right": 1}, "72.0": {"left": 1}, "78.0": {"left": 1.9701, "right": 1}, "90.0": {"left": 8.64827525163591}, "81.0": {"left": 2.9701}, "52.0": {"left": 6.793465209301}, "17.0": {"left": 0.99, "right": 1}, "67.0": {"left": 12.104836864006751, "right": 36.38145139361287}, "88.0": {"left": 1.99}, "51.0": {"left": 3.9403989999999998}, "63.0": {"left": 0.99, "right": 1}, "61.0": {"left": 1.99}, "86.0": {"left": 3.2458409780751185, "right": 33.77179590160162}, "55.0": {"left": 32.42709509397166}, "53.0": {"left": 20.638571635634445}, "82.0": {"left": 14.854222890512437}, "85.0": {"left": 18.027213177874142, "right": 1}, "79.0": {"left": 16.219306240276914, "right": 1.99}, "70.0": {"right": 2.9701}, "84.0": {"right": 48.48628825761963}, "46.0": {"right": 1}, "32.0": {}, "60.0": {}, "74.0": {}, "16.0": {}, "18.0": {}, "31.0": {}, "75.0": {}, "77.0": {}, "76.0": {}, "73.0": {}, "80.0": {}, "10.0": {}, "33.0": {}, "14.0": {}, "38.0": {}, "28.0": {}, "42.0": {}, "7.0": {}, "5.0": {}, "43.0": {}, "57.0": {}}